timestamp_iso,sweep,object,ply_path,ply_points_actual,ply_slot_nominal,topk,trial_idx,elapsed_client_s,infer_ms,num_candidates,remove_outliers,ok,error
2026-04-22T03:59:49.108855Z,n_points,Laptop,data/Laptop/Laptop_504.ply,504,500,200,0,0.1788,177.413,200,False,True,
2026-04-22T03:59:49.281243Z,n_points,Laptop,data/Laptop/Laptop_504.ply,504,500,200,1,0.1722,170.244,200,False,True,
2026-04-22T03:59:49.450959Z,n_points,Laptop,data/Laptop/Laptop_504.ply,504,500,200,2,0.1695,168.443,200,False,True,
2026-04-22T03:59:49.622880Z,n_points,Laptop,data/Laptop/Laptop_504.ply,504,500,200,3,0.1718,170.564,200,False,True,
2026-04-22T03:59:49.797818Z,n_points,Laptop,data/Laptop/Laptop_504.ply,504,500,200,4,0.1747,173.489,200,False,True,
2026-04-22T03:59:49.971166Z,n_points,Laptop,data/Laptop/Laptop_504.ply,504,500,200,5,0.1732,172.192,200,False,True,
2026-04-22T03:59:50.149130Z,n_points,Laptop,data/Laptop/Laptop_504.ply,504,500,200,6,0.1778,176.715,200,False,True,
2026-04-22T03:59:50.324990Z,n_points,Laptop,data/Laptop/Laptop_504.ply,504,500,200,7,0.1757,174.635,200,False,True,
2026-04-22T03:59:50.493970Z,n_points,Laptop,data/Laptop/Laptop_504.ply,504,500,200,8,0.1688,167.811,200,False,True,
2026-04-22T03:59:50.663637Z,n_points,Laptop,data/Laptop/Laptop_504.ply,504,500,200,9,0.1695,168.479,200,False,True,
2026-04-22T03:59:50.889923Z,n_points,Laptop,data/Laptop/Laptop_2003.ply,2003,2000,200,0,0.1733,172.086,200,False,True,
2026-04-22T03:59:51.078671Z,n_points,Laptop,data/Laptop/Laptop_2003.ply,2003,2000,200,1,0.1886,187.063,200,False,True,
2026-04-22T03:59:51.258051Z,n_points,Laptop,data/Laptop/Laptop_2003.ply,2003,2000,200,2,0.1792,178.010,200,False,True,
2026-04-22T03:59:51.683243Z,n_points,Laptop,data/Laptop/Laptop_2003.ply,2003,2000,200,3,0.4250,423.941,200,False,True,
2026-04-22T03:59:51.870122Z,n_points,Laptop,data/Laptop/Laptop_2003.ply,2003,2000,200,4,0.1867,185.424,200,False,True,
2026-04-22T03:59:52.961034Z,n_points,Laptop,data/Laptop/Laptop_2003.ply,2003,2000,200,5,1.0908,1089.608,200,False,True,
2026-04-22T03:59:53.144986Z,n_points,Laptop,data/Laptop/Laptop_2003.ply,2003,2000,200,6,0.1838,182.505,200,False,True,
2026-04-22T03:59:53.337111Z,n_points,Laptop,data/Laptop/Laptop_2003.ply,2003,2000,200,7,0.1920,190.903,200,False,True,
2026-04-22T03:59:53.514671Z,n_points,Laptop,data/Laptop/Laptop_2003.ply,2003,2000,200,8,0.1774,176.113,200,False,True,
2026-04-22T03:59:53.731427Z,n_points,Laptop,data/Laptop/Laptop_2003.ply,2003,2000,200,9,0.2166,215.555,200,False,True,
2026-04-22T03:59:54.118593Z,n_points,Laptop,data/Laptop/Laptop_4998.ply,4998,5000,200,0,0.3368,335.662,200,True,True,
2026-04-22T03:59:54.666263Z,n_points,Laptop,data/Laptop/Laptop_4998.ply,4998,5000,200,1,0.5475,546.366,200,True,True,
2026-04-22T03:59:55.775663Z,n_points,Laptop,data/Laptop/Laptop_4998.ply,4998,5000,200,2,1.1092,1107.689,200,True,True,
2026-04-22T03:59:56.116354Z,n_points,Laptop,data/Laptop/Laptop_4998.ply,4998,5000,200,3,0.3405,339.348,200,True,True,
2026-04-22T03:59:56.447441Z,n_points,Laptop,data/Laptop/Laptop_4998.ply,4998,5000,200,4,0.3309,329.823,200,True,True,
2026-04-22T03:59:56.783134Z,n_points,Laptop,data/Laptop/Laptop_4998.ply,4998,5000,200,5,0.3355,334.424,200,True,True,
2026-04-22T03:59:57.137199Z,n_points,Laptop,data/Laptop/Laptop_4998.ply,4998,5000,200,6,0.3539,352.765,200,True,True,
2026-04-22T03:59:58.035123Z,n_points,Laptop,data/Laptop/Laptop_4998.ply,4998,5000,200,7,0.8978,896.003,200,True,True,
2026-04-22T03:59:58.435817Z,n_points,Laptop,data/Laptop/Laptop_4998.ply,4998,5000,200,8,0.4005,399.388,200,True,True,
2026-04-22T03:59:58.960929Z,n_points,Laptop,data/Laptop/Laptop_4998.ply,4998,5000,200,9,0.5249,520.528,200,True,True,
2026-04-22T03:59:59.913990Z,n_points,Laptop,data/Laptop/Laptop_10002.ply,10002,10000,200,0,0.9023,901.157,200,True,True,
2026-04-22T04:00:00.713217Z,n_points,Laptop,data/Laptop/Laptop_10002.ply,10002,10000,200,1,0.7991,797.483,200,True,True,
2026-04-22T04:00:01.480555Z,n_points,Laptop,data/Laptop/Laptop_10002.ply,10002,10000,200,2,0.7671,765.671,200,True,True,
2026-04-22T04:00:02.056633Z,n_points,Laptop,data/Laptop/Laptop_10002.ply,10002,10000,200,3,0.5759,574.805,200,True,True,
2026-04-22T04:00:02.619181Z,n_points,Laptop,data/Laptop/Laptop_10002.ply,10002,10000,200,4,0.5623,561.173,200,True,True,
2026-04-22T04:00:03.181425Z,n_points,Laptop,data/Laptop/Laptop_10002.ply,10002,10000,200,5,0.5621,560.911,200,True,True,
2026-04-22T04:00:03.906309Z,n_points,Laptop,data/Laptop/Laptop_10002.ply,10002,10000,200,6,0.7247,723.622,200,True,True,
2026-04-22T04:00:04.568200Z,n_points,Laptop,data/Laptop/Laptop_10002.ply,10002,10000,200,7,0.6617,660.549,200,True,True,
2026-04-22T04:00:05.197359Z,n_points,Laptop,data/Laptop/Laptop_10002.ply,10002,10000,200,8,0.6290,627.840,200,True,True,
2026-04-22T04:00:05.896519Z,n_points,Laptop,data/Laptop/Laptop_10002.ply,10002,10000,200,9,0.6990,697.911,200,True,True,
2026-04-22T04:00:06.162621Z,topk,Laptop,data/Laptop/Laptop_4998.ply,4998,5000,50,0,0.2191,217.963,50,True,True,
2026-04-22T04:00:06.363484Z,topk,Laptop,data/Laptop/Laptop_4998.ply,4998,5000,50,1,0.2007,199.652,50,True,True,
2026-04-22T04:00:06.736746Z,topk,Laptop,data/Laptop/Laptop_4998.ply,4998,5000,50,2,0.3731,372.089,50,True,True,
2026-04-22T04:00:06.951341Z,topk,Laptop,data/Laptop/Laptop_4998.ply,4998,5000,50,3,0.2144,213.438,50,True,True,
2026-04-22T04:00:08.014640Z,topk,Laptop,data/Laptop/Laptop_4998.ply,4998,5000,50,4,1.0631,1062.097,50,True,True,
2026-04-22T04:00:08.228707Z,topk,Laptop,data/Laptop/Laptop_4998.ply,4998,5000,50,5,0.2139,212.900,50,True,True,
2026-04-22T04:00:08.428003Z,topk,Laptop,data/Laptop/Laptop_4998.ply,4998,5000,50,6,0.1992,198.206,50,True,True,
2026-04-22T04:00:08.637621Z,topk,Laptop,data/Laptop/Laptop_4998.ply,4998,5000,50,7,0.2095,208.452,50,True,True,
2026-04-22T04:00:08.845580Z,topk,Laptop,data/Laptop/Laptop_4998.ply,4998,5000,50,8,0.2078,206.696,50,True,True,
2026-04-22T04:00:09.050434Z,topk,Laptop,data/Laptop/Laptop_4998.ply,4998,5000,50,9,0.2047,203.629,50,True,True,
2026-04-22T04:00:09.281642Z,topk,Laptop,data/Laptop/Laptop_4998.ply,4998,5000,100,0,0.2186,217.531,100,True,True,
2026-04-22T04:00:09.663751Z,topk,Laptop,data/Laptop/Laptop_4998.ply,4998,5000,100,1,0.3819,380.910,100,True,True,
2026-04-22T04:00:10.766163Z,topk,Laptop,data/Laptop/Laptop_4998.ply,4998,5000,100,2,1.1023,1101.266,100,True,True,
2026-04-22T04:00:11.133844Z,topk,Laptop,data/Laptop/Laptop_4998.ply,4998,5000,100,3,0.3675,366.502,100,True,True,
2026-04-22T04:00:11.464089Z,topk,Laptop,data/Laptop/Laptop_4998.ply,4998,5000,100,4,0.3301,329.064,100,True,True,
2026-04-22T04:00:12.085557Z,topk,Laptop,data/Laptop/Laptop_4998.ply,4998,5000,100,5,0.6213,620.326,100,True,True,
2026-04-22T04:00:12.321331Z,topk,Laptop,data/Laptop/Laptop_4998.ply,4998,5000,100,6,0.2356,234.579,100,True,True,
2026-04-22T04:00:12.542679Z,topk,Laptop,data/Laptop/Laptop_4998.ply,4998,5000,100,7,0.2212,220.120,100,True,True,
2026-04-22T04:00:13.884189Z,topk,Laptop,data/Laptop/Laptop_4998.ply,4998,5000,100,8,1.3413,1340.326,100,True,True,
2026-04-22T04:00:14.688524Z,topk,Laptop,data/Laptop/Laptop_4998.ply,4998,5000,100,9,0.8042,803.103,100,True,True,
2026-04-22T04:00:15.093230Z,topk,Laptop,data/Laptop/Laptop_4998.ply,4998,5000,200,0,0.3806,379.370,200,True,True,
2026-04-22T04:00:15.540317Z,topk,Laptop,data/Laptop/Laptop_4998.ply,4998,5000,200,1,0.4469,445.726,200,True,True,
2026-04-22T04:00:16.802618Z,topk,Laptop,data/Laptop/Laptop_4998.ply,4998,5000,200,2,1.2621,1261.091,200,True,True,
2026-04-22T04:00:17.171101Z,topk,Laptop,data/Laptop/Laptop_4998.ply,4998,5000,200,3,0.3683,367.196,200,True,True,
2026-04-22T04:00:17.678569Z,topk,Laptop,data/Laptop/Laptop_4998.ply,4998,5000,200,4,0.5073,506.194,200,True,True,
2026-04-22T04:00:17.909052Z,topk,Laptop,data/Laptop/Laptop_4998.ply,4998,5000,200,5,0.2303,229.283,200,True,True,
2026-04-22T04:00:18.126837Z,topk,Laptop,data/Laptop/Laptop_4998.ply,4998,5000,200,6,0.2176,216.678,200,True,True,
2026-04-22T04:00:18.329060Z,topk,Laptop,data/Laptop/Laptop_4998.ply,4998,5000,200,7,0.2021,201.133,200,True,True,
2026-04-22T04:00:20.196986Z,topk,Laptop,data/Laptop/Laptop_4998.ply,4998,5000,200,8,1.8678,1866.722,200,True,True,
2026-04-22T04:00:20.473235Z,topk,Laptop,data/Laptop/Laptop_4998.ply,4998,5000,200,9,0.2761,275.120,200,True,True,
2026-04-22T04:00:21.067292Z,topk,Laptop,data/Laptop/Laptop_4998.ply,4998,5000,400,0,0.5468,545.578,400,True,True,
2026-04-22T04:00:22.504030Z,topk,Laptop,data/Laptop/Laptop_4998.ply,4998,5000,400,1,1.4366,1435.427,400,True,True,
2026-04-22T04:00:22.853664Z,topk,Laptop,data/Laptop/Laptop_4998.ply,4998,5000,400,2,0.3495,348.355,400,True,True,
2026-04-22T04:00:23.267757Z,topk,Laptop,data/Laptop/Laptop_4998.ply,4998,5000,400,3,0.4139,412.877,400,True,True,
2026-04-22T04:00:23.514144Z,topk,Laptop,data/Laptop/Laptop_4998.ply,4998,5000,400,4,0.2462,245.199,400,True,True,
2026-04-22T04:00:23.784237Z,topk,Laptop,data/Laptop/Laptop_4998.ply,4998,5000,400,5,0.2699,268.952,400,True,True,
2026-04-22T04:00:24.040974Z,topk,Laptop,data/Laptop/Laptop_4998.ply,4998,5000,400,6,0.2566,255.478,400,True,True,
2026-04-22T04:00:24.285774Z,topk,Laptop,data/Laptop/Laptop_4998.ply,4998,5000,400,7,0.2446,243.639,400,True,True,
2026-04-22T04:00:24.556918Z,topk,Laptop,data/Laptop/Laptop_4998.ply,4998,5000,400,8,0.2710,269.981,400,True,True,
2026-04-22T04:00:24.803240Z,topk,Laptop,data/Laptop/Laptop_4998.ply,4998,5000,400,9,0.2462,245.153,400,True,True,
2026-04-22T04:00:25.030012Z,n_points,Mug,data/Mug/Mug_479.ply,479,500,200,0,0.1305,129.406,200,False,True,
2026-04-22T04:00:25.124679Z,n_points,Mug,data/Mug/Mug_479.ply,479,500,200,1,0.0945,93.533,200,False,True,
2026-04-22T04:00:25.220434Z,n_points,Mug,data/Mug/Mug_479.ply,479,500,200,2,0.0956,94.598,200,False,True,
2026-04-22T04:00:25.317373Z,n_points,Mug,data/Mug/Mug_479.ply,479,500,200,3,0.0968,95.693,200,False,True,
2026-04-22T04:00:25.413166Z,n_points,Mug,data/Mug/Mug_479.ply,479,500,200,4,0.0956,94.585,200,False,True,
2026-04-22T04:00:25.532875Z,n_points,Mug,data/Mug/Mug_479.ply,479,500,200,5,0.1196,118.539,200,False,True,
2026-04-22T04:00:25.669058Z,n_points,Mug,data/Mug/Mug_479.ply,479,500,200,6,0.1360,134.928,200,False,True,
2026-04-22T04:00:25.765619Z,n_points,Mug,data/Mug/Mug_479.ply,479,500,200,7,0.0964,95.472,200,False,True,
2026-04-22T04:00:25.861290Z,n_points,Mug,data/Mug/Mug_479.ply,479,500,200,8,0.0955,94.527,200,False,True,
2026-04-22T04:00:25.957846Z,n_points,Mug,data/Mug/Mug_479.ply,479,500,200,9,0.0964,95.443,200,False,True,
2026-04-22T04:00:26.194995Z,n_points,Mug,data/Mug/Mug_2003.ply,2003,2000,200,0,0.1851,183.987,200,False,True,
2026-04-22T04:00:26.319050Z,n_points,Mug,data/Mug/Mug_2003.ply,2003,2000,200,1,0.1239,122.809,200,False,True,
2026-04-22T04:00:26.489175Z,n_points,Mug,data/Mug/Mug_2003.ply,2003,2000,200,2,0.1700,168.988,200,False,True,
2026-04-22T04:00:26.585745Z,n_points,Mug,data/Mug/Mug_2003.ply,2003,2000,200,3,0.0964,95.426,200,False,True,
2026-04-22T04:00:26.684758Z,n_points,Mug,data/Mug/Mug_2003.ply,2003,2000,200,4,0.0989,97.768,200,False,True,
2026-04-22T04:00:26.827900Z,n_points,Mug,data/Mug/Mug_2003.ply,2003,2000,200,5,0.1430,142.007,200,False,True,
2026-04-22T04:00:26.926352Z,n_points,Mug,data/Mug/Mug_2003.ply,2003,2000,200,6,0.0983,97.347,200,False,True,
2026-04-22T04:00:27.035292Z,n_points,Mug,data/Mug/Mug_2003.ply,2003,2000,200,7,0.1088,107.847,200,False,True,
2026-04-22T04:00:27.132636Z,n_points,Mug,data/Mug/Mug_2003.ply,2003,2000,200,8,0.0972,96.194,200,False,True,
2026-04-22T04:00:27.228342Z,n_points,Mug,data/Mug/Mug_2003.ply,2003,2000,200,9,0.0955,94.566,200,False,True,
2026-04-22T04:00:27.508525Z,n_points,Mug,data/Mug/Mug_5000.ply,5000,5000,200,0,0.2329,231.816,200,True,True,
2026-04-22T04:00:27.712379Z,n_points,Mug,data/Mug/Mug_5000.ply,5000,5000,200,1,0.2037,202.670,200,True,True,
2026-04-22T04:00:28.022045Z,n_points,Mug,data/Mug/Mug_5000.ply,5000,5000,200,2,0.3095,308.440,200,True,True,
2026-04-22T04:00:28.416515Z,n_points,Mug,data/Mug/Mug_5000.ply,5000,5000,200,3,0.3943,393.360,200,True,True,
2026-04-22T04:00:28.649733Z,n_points,Mug,data/Mug/Mug_5000.ply,5000,5000,200,4,0.2330,232.032,200,True,True,
2026-04-22T04:00:28.854142Z,n_points,Mug,data/Mug/Mug_5000.ply,5000,5000,200,5,0.2043,203.259,200,True,True,
2026-04-22T04:00:29.069095Z,n_points,Mug,data/Mug/Mug_5000.ply,5000,5000,200,6,0.2148,213.763,200,True,True,
2026-04-22T04:00:29.302068Z,n_points,Mug,data/Mug/Mug_5000.ply,5000,5000,200,7,0.2328,231.805,200,True,True,
2026-04-22T04:00:29.508158Z,n_points,Mug,data/Mug/Mug_5000.ply,5000,5000,200,8,0.2059,204.992,200,True,True,
2026-04-22T04:00:29.736864Z,n_points,Mug,data/Mug/Mug_5000.ply,5000,5000,200,9,0.2286,227.538,200,True,True,
2026-04-22T04:00:30.348163Z,n_points,Mug,data/Mug/Mug_9981.ply,9981,10000,200,0,0.5637,562.632,200,True,True,
2026-04-22T04:00:30.901890Z,n_points,Mug,data/Mug/Mug_9981.ply,9981,10000,200,1,0.5536,552.434,200,True,True,
2026-04-22T04:00:31.672238Z,n_points,Mug,data/Mug/Mug_9981.ply,9981,10000,200,2,0.7702,769.117,200,True,True,
2026-04-22T04:00:32.258368Z,n_points,Mug,data/Mug/Mug_9981.ply,9981,10000,200,3,0.5860,584.951,200,True,True,
2026-04-22T04:00:32.993772Z,n_points,Mug,data/Mug/Mug_9981.ply,9981,10000,200,4,0.7352,734.146,200,True,True,
2026-04-22T04:00:33.559793Z,n_points,Mug,data/Mug/Mug_9981.ply,9981,10000,200,5,0.5659,564.754,200,True,True,
2026-04-22T04:00:34.122635Z,n_points,Mug,data/Mug/Mug_9981.ply,9981,10000,200,6,0.5627,561.558,200,True,True,
2026-04-22T04:00:34.677590Z,n_points,Mug,data/Mug/Mug_9981.ply,9981,10000,200,7,0.5548,553.729,200,True,True,
2026-04-22T04:00:35.448246Z,n_points,Mug,data/Mug/Mug_9981.ply,9981,10000,200,8,0.7705,769.429,200,True,True,
2026-04-22T04:00:36.177212Z,n_points,Mug,data/Mug/Mug_9981.ply,9981,10000,200,9,0.7288,727.664,200,True,True,
2026-04-22T04:00:36.439810Z,topk,Mug,data/Mug/Mug_5000.ply,5000,5000,50,0,0.2153,214.205,50,True,True,
2026-04-22T04:00:36.629043Z,topk,Mug,data/Mug/Mug_5000.ply,5000,5000,50,1,0.1891,188.081,50,True,True,
2026-04-22T04:00:36.844485Z,topk,Mug,data/Mug/Mug_5000.ply,5000,5000,50,2,0.2153,214.372,50,True,True,
2026-04-22T04:00:37.066654Z,topk,Mug,data/Mug/Mug_5000.ply,5000,5000,50,3,0.2220,221.052,50,True,True,
2026-04-22T04:00:37.253325Z,topk,Mug,data/Mug/Mug_5000.ply,5000,5000,50,4,0.1865,185.386,50,True,True,
2026-04-22T04:00:37.440343Z,topk,Mug,data/Mug/Mug_5000.ply,5000,5000,50,5,0.1869,185.833,50,True,True,
2026-04-22T04:00:37.657291Z,topk,Mug,data/Mug/Mug_5000.ply,5000,5000,50,6,0.2168,215.796,50,True,True,
2026-04-22T04:00:37.845712Z,topk,Mug,data/Mug/Mug_5000.ply,5000,5000,50,7,0.1883,187.315,50,True,True,
2026-04-22T04:00:38.043454Z,topk,Mug,data/Mug/Mug_5000.ply,5000,5000,50,8,0.1976,196.565,50,True,True,
2026-04-22T04:00:38.259566Z,topk,Mug,data/Mug/Mug_5000.ply,5000,5000,50,9,0.2160,214.976,50,True,True,
2026-04-22T04:00:38.463259Z,topk,Mug,data/Mug/Mug_5000.ply,5000,5000,100,0,0.1912,190.210,100,True,True,
2026-04-22T04:00:38.685219Z,topk,Mug,data/Mug/Mug_5000.ply,5000,5000,100,1,0.2218,220.818,100,True,True,
2026-04-22T04:00:38.902287Z,topk,Mug,data/Mug/Mug_5000.ply,5000,5000,100,2,0.2169,215.968,100,True,True,
2026-04-22T04:00:39.106241Z,topk,Mug,data/Mug/Mug_5000.ply,5000,5000,100,3,0.2038,202.764,100,True,True,
2026-04-22T04:00:39.297493Z,topk,Mug,data/Mug/Mug_5000.ply,5000,5000,100,4,0.1911,190.090,100,True,True,
2026-04-22T04:00:39.518329Z,topk,Mug,data/Mug/Mug_5000.ply,5000,5000,100,5,0.2207,219.620,100,True,True,
2026-04-22T04:00:39.713240Z,topk,Mug,data/Mug/Mug_5000.ply,5000,5000,100,6,0.1947,193.695,100,True,True,
2026-04-22T04:00:39.919485Z,topk,Mug,data/Mug/Mug_5000.ply,5000,5000,100,7,0.2061,201.289,100,True,True,
2026-04-22T04:00:40.134735Z,topk,Mug,data/Mug/Mug_5000.ply,5000,5000,100,8,0.2150,213.720,100,True,True,
2026-04-22T04:00:40.328953Z,topk,Mug,data/Mug/Mug_5000.ply,5000,5000,100,9,0.1941,192.964,100,True,True,
2026-04-22T04:00:40.615374Z,topk,Mug,data/Mug/Mug_5000.ply,5000,5000,200,0,0.2617,260.596,200,True,True,
2026-04-22T04:00:40.849329Z,topk,Mug,data/Mug/Mug_5000.ply,5000,5000,200,1,0.2338,232.764,200,True,True,
2026-04-22T04:00:41.140005Z,topk,Mug,data/Mug/Mug_5000.ply,5000,5000,200,2,0.2905,289.534,200,True,True,
2026-04-22T04:00:41.377595Z,topk,Mug,data/Mug/Mug_5000.ply,5000,5000,200,3,0.2374,236.385,200,True,True,
2026-04-22T04:00:41.611260Z,topk,Mug,data/Mug/Mug_5000.ply,5000,5000,200,4,0.2335,232.424,200,True,True,
2026-04-22T04:00:41.868349Z,topk,Mug,data/Mug/Mug_5000.ply,5000,5000,200,5,0.2569,255.930,200,True,True,
2026-04-22T04:00:42.115335Z,topk,Mug,data/Mug/Mug_5000.ply,5000,5000,200,6,0.2468,245.695,200,True,True,
2026-04-22T04:00:42.377498Z,topk,Mug,data/Mug/Mug_5000.ply,5000,5000,200,7,0.2620,260.949,200,True,True,
2026-04-22T04:00:42.611066Z,topk,Mug,data/Mug/Mug_5000.ply,5000,5000,200,8,0.2334,232.371,200,True,True,
2026-04-22T04:00:42.837766Z,topk,Mug,data/Mug/Mug_5000.ply,5000,5000,200,9,0.2265,225.571,200,True,True,
2026-04-22T04:00:43.208071Z,topk,Mug,data/Mug/Mug_5000.ply,5000,5000,400,0,0.3225,321.501,400,True,True,
2026-04-22T04:00:43.483910Z,topk,Mug,data/Mug/Mug_5000.ply,5000,5000,400,1,0.2757,274.612,400,True,True,
2026-04-22T04:00:43.824357Z,topk,Mug,data/Mug/Mug_5000.ply,5000,5000,400,2,0.3403,339.272,400,True,True,
2026-04-22T04:00:44.149734Z,topk,Mug,data/Mug/Mug_5000.ply,5000,5000,400,3,0.3252,324.159,400,True,True,
2026-04-22T04:00:44.440588Z,topk,Mug,data/Mug/Mug_5000.ply,5000,5000,400,4,0.2907,289.652,400,True,True,
2026-04-22T04:00:44.737388Z,topk,Mug,data/Mug/Mug_5000.ply,5000,5000,400,5,0.2966,295.531,400,True,True,
2026-04-22T04:00:45.032850Z,topk,Mug,data/Mug/Mug_5000.ply,5000,5000,400,6,0.2953,294.130,400,True,True,
2026-04-22T04:00:45.329727Z,topk,Mug,data/Mug/Mug_5000.ply,5000,5000,400,7,0.2967,295.592,400,True,True,
2026-04-22T04:00:45.614204Z,topk,Mug,data/Mug/Mug_5000.ply,5000,5000,400,8,0.2843,283.170,400,True,True,
2026-04-22T04:00:45.887654Z,topk,Mug,data/Mug/Mug_5000.ply,5000,5000,400,9,0.2733,272.344,400,True,True,
2026-04-22T04:00:46.108725Z,n_points,RectPrism,data/RectPrism/Prism_501.ply,501,500,200,0,0.1259,124.796,200,False,True,
2026-04-22T04:00:46.213450Z,n_points,RectPrism,data/RectPrism/Prism_501.ply,501,500,200,1,0.1046,103.556,200,False,True,
2026-04-22T04:00:46.317262Z,n_points,RectPrism,data/RectPrism/Prism_501.ply,501,500,200,2,0.1037,102.693,200,False,True,
2026-04-22T04:00:46.432479Z,n_points,RectPrism,data/RectPrism/Prism_501.ply,501,500,200,3,0.1151,114.121,200,False,True,
2026-04-22T04:00:46.564529Z,n_points,RectPrism,data/RectPrism/Prism_501.ply,501,500,200,4,0.1319,130.913,200,False,True,
2026-04-22T04:00:46.703585Z,n_points,RectPrism,data/RectPrism/Prism_501.ply,501,500,200,5,0.1389,137.863,200,False,True,
2026-04-22T04:00:46.808169Z,n_points,RectPrism,data/RectPrism/Prism_501.ply,501,500,200,6,0.1044,103.466,200,False,True,
2026-04-22T04:00:46.921224Z,n_points,RectPrism,data/RectPrism/Prism_501.ply,501,500,200,7,0.1129,111.883,200,False,True,
2026-04-22T04:00:47.037631Z,n_points,RectPrism,data/RectPrism/Prism_501.ply,501,500,200,8,0.1163,115.243,200,False,True,
2026-04-22T04:00:47.177533Z,n_points,RectPrism,data/RectPrism/Prism_501.ply,501,500,200,9,0.1397,138.713,200,False,True,
2026-04-22T04:00:47.340713Z,n_points,RectPrism,data/RectPrism/Prism_2001.ply,2001,2000,200,0,0.1158,114.673,200,False,True,
2026-04-22T04:00:47.435941Z,n_points,RectPrism,data/RectPrism/Prism_2001.ply,2001,2000,200,1,0.0951,94.077,200,False,True,
2026-04-22T04:00:47.531324Z,n_points,RectPrism,data/RectPrism/Prism_2001.ply,2001,2000,200,2,0.0952,94.262,200,False,True,
2026-04-22T04:00:47.623259Z,n_points,RectPrism,data/RectPrism/Prism_2001.ply,2001,2000,200,3,0.0918,90.855,200,False,True,
2026-04-22T04:00:47.745831Z,n_points,RectPrism,data/RectPrism/Prism_2001.ply,2001,2000,200,4,0.1224,121.454,200,False,True,
2026-04-22T04:00:47.841605Z,n_points,RectPrism,data/RectPrism/Prism_2001.ply,2001,2000,200,5,0.0956,94.678,200,False,True,
2026-04-22T04:00:47.960200Z,n_points,RectPrism,data/RectPrism/Prism_2001.ply,2001,2000,200,6,0.1184,117.422,200,False,True,
2026-04-22T04:00:48.065598Z,n_points,RectPrism,data/RectPrism/Prism_2001.ply,2001,2000,200,7,0.1052,104.293,200,False,True,
2026-04-22T04:00:48.159864Z,n_points,RectPrism,data/RectPrism/Prism_2001.ply,2001,2000,200,8,0.0941,93.117,200,False,True,
2026-04-22T04:00:48.254571Z,n_points,RectPrism,data/RectPrism/Prism_2001.ply,2001,2000,200,9,0.0946,93.598,200,False,True,
2026-04-22T04:00:48.536147Z,n_points,RectPrism,data/RectPrism/Prism_5000.ply,5000,5000,200,0,0.2307,229.493,200,True,True,
2026-04-22T04:00:48.739572Z,n_points,RectPrism,data/RectPrism/Prism_5000.ply,5000,5000,200,1,0.2032,202.288,200,True,True,
2026-04-22T04:00:48.965130Z,n_points,RectPrism,data/RectPrism/Prism_5000.ply,5000,5000,200,2,0.2254,224.335,200,True,True,
2026-04-22T04:00:50.070108Z,n_points,RectPrism,data/RectPrism/Prism_5000.ply,5000,5000,200,3,1.1048,1103.799,200,True,True,
2026-04-22T04:00:50.275060Z,n_points,RectPrism,data/RectPrism/Prism_5000.ply,5000,5000,200,4,0.2048,203.782,200,True,True,
2026-04-22T04:00:50.498971Z,n_points,RectPrism,data/RectPrism/Prism_5000.ply,5000,5000,200,5,0.2238,222.772,200,True,True,
2026-04-22T04:00:50.703973Z,n_points,RectPrism,data/RectPrism/Prism_5000.ply,5000,5000,200,6,0.2049,203.867,200,True,True,
2026-04-22T04:00:50.908209Z,n_points,RectPrism,data/RectPrism/Prism_5000.ply,5000,5000,200,7,0.2041,203.066,200,True,True,
2026-04-22T04:00:51.140087Z,n_points,RectPrism,data/RectPrism/Prism_5000.ply,5000,5000,200,8,0.2317,230.667,200,True,True,
2026-04-22T04:00:51.341907Z,n_points,RectPrism,data/RectPrism/Prism_5000.ply,5000,5000,200,9,0.2016,200.607,200,True,True,
2026-04-22T04:00:51.932212Z,n_points,RectPrism,data/RectPrism/Prism_9999.ply,9999,10000,200,0,0.5431,542.078,200,True,True,
2026-04-22T04:00:53.436565Z,n_points,RectPrism,data/RectPrism/Prism_9999.ply,9999,10000,200,1,1.5042,1503.108,200,True,True,
2026-04-22T04:00:53.994081Z,n_points,RectPrism,data/RectPrism/Prism_9999.ply,9999,10000,200,2,0.5573,556.235,200,True,True,
2026-04-22T04:00:54.896283Z,n_points,RectPrism,data/RectPrism/Prism_9999.ply,9999,10000,200,3,0.9020,900.913,200,True,True,
2026-04-22T04:00:56.502182Z,n_points,RectPrism,data/RectPrism/Prism_9999.ply,9999,10000,200,4,1.6057,1604.639,200,True,True,
2026-04-22T04:00:57.060528Z,n_points,RectPrism,data/RectPrism/Prism_9999.ply,9999,10000,200,5,0.5582,557.064,200,True,True,
2026-04-22T04:00:57.615467Z,n_points,RectPrism,data/RectPrism/Prism_9999.ply,9999,10000,200,6,0.5548,553.758,200,True,True,
2026-04-22T04:00:58.201323Z,n_points,RectPrism,data/RectPrism/Prism_9999.ply,9999,10000,200,7,0.5857,584.611,200,True,True,
2026-04-22T04:00:58.731038Z,n_points,RectPrism,data/RectPrism/Prism_9999.ply,9999,10000,200,8,0.5295,528.476,200,True,True,
2026-04-22T04:00:59.513632Z,n_points,RectPrism,data/RectPrism/Prism_9999.ply,9999,10000,200,9,0.7824,781.441,200,True,True,
2026-04-22T04:00:59.983760Z,topk,RectPrism,data/RectPrism/Prism_5000.ply,5000,5000,50,0,0.4227,421.557,50,True,True,
2026-04-22T04:01:00.376727Z,topk,RectPrism,data/RectPrism/Prism_5000.ply,5000,5000,50,1,0.3928,391.675,50,True,True,
2026-04-22T04:01:00.582710Z,topk,RectPrism,data/RectPrism/Prism_5000.ply,5000,5000,50,2,0.2058,204.794,50,True,True,
2026-04-22T04:01:01.885084Z,topk,RectPrism,data/RectPrism/Prism_5000.ply,5000,5000,50,3,1.3022,1301.208,50,True,True,
2026-04-22T04:01:02.160946Z,topk,RectPrism,data/RectPrism/Prism_5000.ply,5000,5000,50,4,0.2757,274.687,50,True,True,
2026-04-22T04:01:02.421523Z,topk,RectPrism,data/RectPrism/Prism_5000.ply,5000,5000,50,5,0.2604,259.421,50,True,True,
2026-04-22T04:01:02.607948Z,topk,RectPrism,data/RectPrism/Prism_5000.ply,5000,5000,50,6,0.1863,185.239,50,True,True,
2026-04-22T04:01:02.793532Z,topk,RectPrism,data/RectPrism/Prism_5000.ply,5000,5000,50,7,0.1854,184.465,50,True,True,
2026-04-22T04:01:03.012462Z,topk,RectPrism,data/RectPrism/Prism_5000.ply,5000,5000,50,8,0.2188,217.763,50,True,True,
2026-04-22T04:01:03.200841Z,topk,RectPrism,data/RectPrism/Prism_5000.ply,5000,5000,50,9,0.1882,187.219,50,True,True,
2026-04-22T04:01:03.403397Z,topk,RectPrism,data/RectPrism/Prism_5000.ply,5000,5000,100,0,0.1900,188.950,100,True,True,
2026-04-22T04:01:03.619250Z,topk,RectPrism,data/RectPrism/Prism_5000.ply,5000,5000,100,1,0.2157,214.644,100,True,True,
2026-04-22T04:01:03.972406Z,topk,RectPrism,data/RectPrism/Prism_5000.ply,5000,5000,100,2,0.3530,351.926,100,True,True,
2026-04-22T04:01:05.129131Z,topk,RectPrism,data/RectPrism/Prism_5000.ply,5000,5000,100,3,1.1566,1155.513,100,True,True,
2026-04-22T04:01:05.356722Z,topk,RectPrism,data/RectPrism/Prism_5000.ply,5000,5000,100,4,0.2274,226.329,100,True,True,
2026-04-22T04:01:05.549293Z,topk,RectPrism,data/RectPrism/Prism_5000.ply,5000,5000,100,5,0.1924,191.327,100,True,True,
2026-04-22T04:01:05.761594Z,topk,RectPrism,data/RectPrism/Prism_5000.ply,5000,5000,100,6,0.2122,211.123,100,True,True,
2026-04-22T04:01:05.953022Z,topk,RectPrism,data/RectPrism/Prism_5000.ply,5000,5000,100,7,0.1912,190.211,100,True,True,
2026-04-22T04:01:06.152129Z,topk,RectPrism,data/RectPrism/Prism_5000.ply,5000,5000,100,8,0.1989,197.968,100,True,True,
2026-04-22T04:01:06.370452Z,topk,RectPrism,data/RectPrism/Prism_5000.ply,5000,5000,100,9,0.2182,217.137,100,True,True,
2026-04-22T04:01:06.600717Z,topk,RectPrism,data/RectPrism/Prism_5000.ply,5000,5000,200,0,0.2059,204.828,200,True,True,
2026-04-22T04:01:06.857021Z,topk,RectPrism,data/RectPrism/Prism_5000.ply,5000,5000,200,1,0.2561,255.023,200,True,True,
2026-04-22T04:01:07.377532Z,topk,RectPrism,data/RectPrism/Prism_5000.ply,5000,5000,200,2,0.5203,515.878,200,True,True,
2026-04-22T04:01:08.486777Z,topk,RectPrism,data/RectPrism/Prism_5000.ply,5000,5000,200,3,1.1090,1107.944,200,True,True,
2026-04-22T04:01:08.735095Z,topk,RectPrism,data/RectPrism/Prism_5000.ply,5000,5000,200,4,0.2481,247.114,200,True,True,
2026-04-22T04:01:09.011117Z,topk,RectPrism,data/RectPrism/Prism_5000.ply,5000,5000,200,5,0.2759,274.860,200,True,True,
2026-04-22T04:01:09.347457Z,topk,RectPrism,data/RectPrism/Prism_5000.ply,5000,5000,200,6,0.3362,335.187,200,True,True,
2026-04-22T04:01:09.574920Z,topk,RectPrism,data/RectPrism/Prism_5000.ply,5000,5000,200,7,0.2273,226.201,200,True,True,
2026-04-22T04:01:09.802568Z,topk,RectPrism,data/RectPrism/Prism_5000.ply,5000,5000,200,8,0.2275,226.474,200,True,True,
2026-04-22T04:01:10.041498Z,topk,RectPrism,data/RectPrism/Prism_5000.ply,5000,5000,200,9,0.2388,237.771,200,True,True,
2026-04-22T04:01:10.435544Z,topk,RectPrism,data/RectPrism/Prism_5000.ply,5000,5000,400,0,0.3470,345.870,400,True,True,
2026-04-22T04:01:11.072654Z,topk,RectPrism,data/RectPrism/Prism_5000.ply,5000,5000,400,1,0.6369,635.720,400,True,True,
2026-04-22T04:01:12.370030Z,topk,RectPrism,data/RectPrism/Prism_5000.ply,5000,5000,400,2,1.2972,1296.021,400,True,True,
2026-04-22T04:01:12.676295Z,topk,RectPrism,data/RectPrism/Prism_5000.ply,5000,5000,400,3,0.3061,304.943,400,True,True,
2026-04-22T04:01:13.040494Z,topk,RectPrism,data/RectPrism/Prism_5000.ply,5000,5000,400,4,0.3640,363.056,400,True,True,
2026-04-22T04:01:13.317613Z,topk,RectPrism,data/RectPrism/Prism_5000.ply,5000,5000,400,5,0.2770,275.895,400,True,True,
2026-04-22T04:01:13.650498Z,topk,RectPrism,data/RectPrism/Prism_5000.ply,5000,5000,400,6,0.3327,331.679,400,True,True,
2026-04-22T04:01:13.957557Z,topk,RectPrism,data/RectPrism/Prism_5000.ply,5000,5000,400,7,0.3069,305.831,400,True,True,
2026-04-22T04:01:14.414415Z,topk,RectPrism,data/RectPrism/Prism_5000.ply,5000,5000,400,8,0.4567,455.658,400,True,True,
2026-04-22T04:01:14.735674Z,topk,RectPrism,data/RectPrism/Prism_5000.ply,5000,5000,400,9,0.3211,319.930,400,True,True,
2026-04-22T04:01:15.039844Z,n_points,Sphere,data/Sphere/Sphere_486.ply,486,500,200,0,0.1951,193.753,200,False,True,
2026-04-22T04:01:15.427903Z,n_points,Sphere,data/Sphere/Sphere_486.ply,486,500,200,1,0.3878,386.728,200,False,True,
2026-04-22T04:01:15.557164Z,n_points,Sphere,data/Sphere/Sphere_486.ply,486,500,200,2,0.1291,128.088,200,False,True,
2026-04-22T04:01:16.546395Z,n_points,Sphere,data/Sphere/Sphere_486.ply,486,500,200,3,0.9891,988.024,200,False,True,
2026-04-22T04:01:16.651805Z,n_points,Sphere,data/Sphere/Sphere_486.ply,486,500,200,4,0.1053,104.234,200,False,True,
2026-04-22T04:01:16.766335Z,n_points,Sphere,data/Sphere/Sphere_486.ply,486,500,200,5,0.1144,113.249,200,False,True,
2026-04-22T04:01:17.927628Z,n_points,Sphere,data/Sphere/Sphere_486.ply,486,500,200,6,1.1611,1159.936,200,False,True,
2026-04-22T04:01:18.106611Z,n_points,Sphere,data/Sphere/Sphere_486.ply,486,500,200,7,0.1788,177.712,200,False,True,
2026-04-22T04:01:18.600369Z,n_points,Sphere,data/Sphere/Sphere_486.ply,486,500,200,8,0.4935,492.448,200,False,True,
2026-04-22T04:01:18.735749Z,n_points,Sphere,data/Sphere/Sphere_486.ply,486,500,200,9,0.1352,134.148,200,False,True,
2026-04-22T04:01:19.067247Z,n_points,Sphere,data/Sphere/Sphere_2002.ply,2002,2000,200,0,0.2829,281.604,200,False,True,
2026-04-22T04:01:19.164356Z,n_points,Sphere,data/Sphere/Sphere_2002.ply,2002,2000,200,1,0.0969,95.933,200,False,True,
2026-04-22T04:01:19.259478Z,n_points,Sphere,data/Sphere/Sphere_2002.ply,2002,2000,200,2,0.0950,93.879,200,False,True,
2026-04-22T04:01:19.375263Z,n_points,Sphere,data/Sphere/Sphere_2002.ply,2002,2000,200,3,0.1156,114.623,200,False,True,
2026-04-22T04:01:19.470520Z,n_points,Sphere,data/Sphere/Sphere_2002.ply,2002,2000,200,4,0.0951,94.108,200,False,True,
2026-04-22T04:01:19.564812Z,n_points,Sphere,data/Sphere/Sphere_2002.ply,2002,2000,200,5,0.0941,93.139,200,False,True,
2026-04-22T04:01:19.658798Z,n_points,Sphere,data/Sphere/Sphere_2002.ply,2002,2000,200,6,0.0938,92.842,200,False,True,
2026-04-22T04:01:19.754955Z,n_points,Sphere,data/Sphere/Sphere_2002.ply,2002,2000,200,7,0.0960,94.893,200,False,True,
2026-04-22T04:01:19.849470Z,n_points,Sphere,data/Sphere/Sphere_2002.ply,2002,2000,200,8,0.0944,93.352,200,False,True,
2026-04-22T04:01:19.961007Z,n_points,Sphere,data/Sphere/Sphere_2002.ply,2002,2000,200,9,0.1114,110.449,200,False,True,
2026-04-22T04:01:20.215093Z,n_points,Sphere,data/Sphere/Sphere_5003.ply,5003,5000,200,0,0.2068,205.745,200,True,True,
2026-04-22T04:01:20.417841Z,n_points,Sphere,data/Sphere/Sphere_5003.ply,5003,5000,200,1,0.2026,201.514,200,True,True,
2026-04-22T04:01:20.641347Z,n_points,Sphere,data/Sphere/Sphere_5003.ply,5003,5000,200,2,0.2234,222.373,200,True,True,
2026-04-22T04:01:20.842887Z,n_points,Sphere,data/Sphere/Sphere_5003.ply,5003,5000,200,3,0.2014,200.406,200,True,True,
2026-04-22T04:01:21.057164Z,n_points,Sphere,data/Sphere/Sphere_5003.ply,5003,5000,200,4,0.2141,213.096,200,True,True,
2026-04-22T04:01:21.297355Z,n_points,Sphere,data/Sphere/Sphere_5003.ply,5003,5000,200,5,0.2400,238.959,200,True,True,
2026-04-22T04:01:21.681534Z,n_points,Sphere,data/Sphere/Sphere_5003.ply,5003,5000,200,6,0.3840,383.023,200,True,True,
2026-04-22T04:01:21.903644Z,n_points,Sphere,data/Sphere/Sphere_5003.ply,5003,5000,200,7,0.2219,220.887,200,True,True,
2026-04-22T04:01:22.117838Z,n_points,Sphere,data/Sphere/Sphere_5003.ply,5003,5000,200,8,0.2140,212.955,200,True,True,
2026-04-22T04:01:22.341577Z,n_points,Sphere,data/Sphere/Sphere_5003.ply,5003,5000,200,9,0.2236,222.518,200,True,True,
2026-04-22T04:01:22.929977Z,n_points,Sphere,data/Sphere/Sphere_9992.ply,9992,10000,200,0,0.5411,539.960,200,True,True,
2026-04-22T04:01:23.463468Z,n_points,Sphere,data/Sphere/Sphere_9992.ply,9992,10000,200,1,0.5333,532.119,200,True,True,
2026-04-22T04:01:24.016326Z,n_points,Sphere,data/Sphere/Sphere_9992.ply,9992,10000,200,2,0.5527,551.589,200,True,True,
2026-04-22T04:01:24.567005Z,n_points,Sphere,data/Sphere/Sphere_9992.ply,9992,10000,200,3,0.5505,549.409,200,True,True,
2026-04-22T04:01:25.117597Z,n_points,Sphere,data/Sphere/Sphere_9992.ply,9992,10000,200,4,0.5504,549.356,200,True,True,
2026-04-22T04:01:25.661519Z,n_points,Sphere,data/Sphere/Sphere_9992.ply,9992,10000,200,5,0.5437,542.695,200,True,True,
2026-04-22T04:01:26.214637Z,n_points,Sphere,data/Sphere/Sphere_9992.ply,9992,10000,200,6,0.5530,551.898,200,True,True,
2026-04-22T04:01:26.762115Z,n_points,Sphere,data/Sphere/Sphere_9992.ply,9992,10000,200,7,0.5473,546.260,200,True,True,
2026-04-22T04:01:27.317034Z,n_points,Sphere,data/Sphere/Sphere_9992.ply,9992,10000,200,8,0.5548,553.715,200,True,True,
2026-04-22T04:01:27.861755Z,n_points,Sphere,data/Sphere/Sphere_9992.ply,9992,10000,200,9,0.5446,543.537,200,True,True,
2026-04-22T04:01:28.105820Z,topk,Sphere,data/Sphere/Sphere_5003.ply,5003,5000,50,0,0.1965,195.470,50,True,True,
2026-04-22T04:01:28.290549Z,topk,Sphere,data/Sphere/Sphere_5003.ply,5003,5000,50,1,0.1846,183.550,50,True,True,
2026-04-22T04:01:28.498913Z,topk,Sphere,data/Sphere/Sphere_5003.ply,5003,5000,50,2,0.2082,207.232,50,True,True,
2026-04-22T04:01:28.684942Z,topk,Sphere,data/Sphere/Sphere_5003.ply,5003,5000,50,3,0.1859,184.821,50,True,True,
2026-04-22T04:01:29.015317Z,topk,Sphere,data/Sphere/Sphere_5003.ply,5003,5000,50,4,0.3302,329.225,50,True,True,
2026-04-22T04:01:29.768679Z,topk,Sphere,data/Sphere/Sphere_5003.ply,5003,5000,50,5,0.7532,752.139,50,True,True,
2026-04-22T04:01:29.988937Z,topk,Sphere,data/Sphere/Sphere_5003.ply,5003,5000,50,6,0.2201,219.114,50,True,True,
2026-04-22T04:01:30.642466Z,topk,Sphere,data/Sphere/Sphere_5003.ply,5003,5000,50,7,0.6533,652.332,50,True,True,
2026-04-22T04:01:30.828128Z,topk,Sphere,data/Sphere/Sphere_5003.ply,5003,5000,50,8,0.1855,184.518,50,True,True,
2026-04-22T04:01:31.123397Z,topk,Sphere,data/Sphere/Sphere_5003.ply,5003,5000,50,9,0.2951,294.039,50,True,True,
2026-04-22T04:01:31.372321Z,topk,Sphere,data/Sphere/Sphere_5003.ply,5003,5000,100,0,0.2360,234.932,100,True,True,
2026-04-22T04:01:31.616260Z,topk,Sphere,data/Sphere/Sphere_5003.ply,5003,5000,100,1,0.2438,242.816,100,True,True,
2026-04-22T04:01:31.805433Z,topk,Sphere,data/Sphere/Sphere_5003.ply,5003,5000,100,2,0.1890,188.024,100,True,True,
2026-04-22T04:01:31.995576Z,topk,Sphere,data/Sphere/Sphere_5003.ply,5003,5000,100,3,0.1900,188.961,100,True,True,
2026-04-22T04:01:32.221668Z,topk,Sphere,data/Sphere/Sphere_5003.ply,5003,5000,100,4,0.2259,224.907,100,True,True,
2026-04-22T04:01:32.412269Z,topk,Sphere,data/Sphere/Sphere_5003.ply,5003,5000,100,5,0.1904,189.464,100,True,True,
2026-04-22T04:01:32.601039Z,topk,Sphere,data/Sphere/Sphere_5003.ply,5003,5000,100,6,0.1886,187.557,100,True,True,
2026-04-22T04:01:32.814584Z,topk,Sphere,data/Sphere/Sphere_5003.ply,5003,5000,100,7,0.2134,212.335,100,True,True,
2026-04-22T04:01:33.064633Z,topk,Sphere,data/Sphere/Sphere_5003.ply,5003,5000,100,8,0.2498,248.842,100,True,True,
2026-04-22T04:01:33.379013Z,topk,Sphere,data/Sphere/Sphere_5003.ply,5003,5000,100,9,0.3142,313.249,100,True,True,
2026-04-22T04:01:33.703491Z,topk,Sphere,data/Sphere/Sphere_5003.ply,5003,5000,200,0,0.3002,299.140,200,True,True,
2026-04-22T04:01:33.980929Z,topk,Sphere,data/Sphere/Sphere_5003.ply,5003,5000,200,1,0.2773,276.216,200,True,True,
2026-04-22T04:01:34.295901Z,topk,Sphere,data/Sphere/Sphere_5003.ply,5003,5000,200,2,0.3148,313.767,200,True,True,
2026-04-22T04:01:34.578855Z,topk,Sphere,data/Sphere/Sphere_5003.ply,5003,5000,200,3,0.2828,281.737,200,True,True,
2026-04-22T04:01:35.819146Z,topk,Sphere,data/Sphere/Sphere_5003.ply,5003,5000,200,4,1.2401,1239.122,200,True,True,
2026-04-22T04:01:36.033060Z,topk,Sphere,data/Sphere/Sphere_5003.ply,5003,5000,200,5,0.2137,212.741,200,True,True,
2026-04-22T04:01:36.235503Z,topk,Sphere,data/Sphere/Sphere_5003.ply,5003,5000,200,6,0.2023,201.273,200,True,True,
2026-04-22T04:01:36.439314Z,topk,Sphere,data/Sphere/Sphere_5003.ply,5003,5000,200,7,0.2037,202.724,200,True,True,
2026-04-22T04:01:36.642821Z,topk,Sphere,data/Sphere/Sphere_5003.ply,5003,5000,200,8,0.2033,202.350,200,True,True,
2026-04-22T04:01:36.847037Z,topk,Sphere,data/Sphere/Sphere_5003.ply,5003,5000,200,9,0.2040,203.050,200,True,True,
2026-04-22T04:01:37.143122Z,topk,Sphere,data/Sphere/Sphere_5003.ply,5003,5000,400,0,0.2487,247.624,400,True,True,
2026-04-22T04:01:37.386452Z,topk,Sphere,data/Sphere/Sphere_5003.ply,5003,5000,400,1,0.2432,242.181,400,True,True,
2026-04-22T04:01:37.632916Z,topk,Sphere,data/Sphere/Sphere_5003.ply,5003,5000,400,2,0.2463,245.262,400,True,True,
2026-04-22T04:01:37.878559Z,topk,Sphere,data/Sphere/Sphere_5003.ply,5003,5000,400,3,0.2455,244.412,400,True,True,
2026-04-22T04:01:38.127949Z,topk,Sphere,data/Sphere/Sphere_5003.ply,5003,5000,400,4,0.2492,248.204,400,True,True,
2026-04-22T04:01:38.371990Z,topk,Sphere,data/Sphere/Sphere_5003.ply,5003,5000,400,5,0.2439,242.770,400,True,True,
2026-04-22T04:01:38.925183Z,topk,Sphere,data/Sphere/Sphere_5003.ply,5003,5000,400,6,0.5530,551.960,400,True,True,
2026-04-22T04:01:39.180452Z,topk,Sphere,data/Sphere/Sphere_5003.ply,5003,5000,400,7,0.2551,253.983,400,True,True,
2026-04-22T04:01:39.452721Z,topk,Sphere,data/Sphere/Sphere_5003.ply,5003,5000,400,8,0.2721,271.149,400,True,True,
2026-04-22T04:01:39.695892Z,topk,Sphere,data/Sphere/Sphere_5003.ply,5003,5000,400,9,0.2430,242.010,400,True,True,
